ID,Módulo/función,Estado,Evidencia código,Evidencia prueba,Dependencias/configuración,Riesgo,Brecha,Acción propuesta
DB-001,Dashboard KPIs y cola de atención,IMPLEMENTADO SIN PRUEBA,"app/crm/dashboard/page.tsx; getDashboardSummary en src/server/dashboard/index.ts","Script presente no ejecutado: scripts/smoke/domain-smoke.ts; ts-attention-queue.ts; sc-003-next-action.ts",Sesión staff y DATABASE_URL,Bajo,No hay prueba ejecutada en esta auditoría,Conservar. Correr smoke en sandbox y anotar resultado en esta fila
DB-002,Búsqueda global,IMPLEMENTADO SIN PRUEBA,"app/api/crm/search/route.ts; universalSearch en src/server/search/universal.ts; UI spotlight",No hay smoke de search universal,Sesión staff,Medio,Filtrado por organización no revalidado con prueba,Añadir smoke de aislamiento y dejar la fila en SIN PRUEBA hasta ejecutarlo
LD-001,Leads y kanban,IMPLEMENTADO SIN PRUEBA,"app/crm/oportunidades/page.tsx; createLead y listByStage en src/server/opportunities/index.ts; src/actions/opportunities.ts","Script presente no ejecutado: scripts/smoke/sprint4-smoke.ts",Permiso opportunities.manage,Bajo,Ninguna de persistencia observada,Conservar
LD-002,Captación web formulario de contacto,IMPLEMENTADO Y PROBADO,"resolvePublicOrganizationId lee PUBLIC_ORG_ID (src/server/contact/index.ts); POST app/api/public/contact/route.ts aplica assertRateLimit por IP (20/h) y email (10/h). organizationId del body no está en contactFormSchema","EJECUTADO 2026-10-08: npm run smoke:contact-public exit 0 (parte A sin DB + parte B MySQL: org nueva vs antigua; intento 21 → RateLimitError). Curl HTTP del formulario: NO EJECUTADO",PUBLIC_ORG_ID obligatoria en el entorno. Sin ella el formulario no escribe. DATABASE_URL para RateLimitBucket,Medio,"Hasta configurar PUBLIC_ORG_ID en cada entorno la captación web queda apagada a propósito. Challenge matemático sigue siendo débil",Configurar PUBLIC_ORG_ID en sandbox/prod. Siguiente P0: PR-SEC-PII
LD-003,Meta Lead Ads y pantalla de atribución,NO APLICA,"app/api/public/meta/leads/route.ts responde 410; app/crm/atribucion/page.tsx redirige a /crm/dashboard","scripts/smoke/sprint7-smoke.ts puede asumir Meta; no ejecutado",FEATURE_META_LEAD_ADS existe en dominio pero el HTTP está retirado,Alto si el README se toma como contrato,Función retirada en código y aún descrita en README,No reactivar por imitación. Corregir README en un PR de docs de producto
LD-004,Convertir lead ganado a cliente y expediente,IMPLEMENTADO SIN PRUEBA,"markWon en src/server/opportunities/index.ts; markOpportunityWonAction","Script presente no ejecutado: scripts/smoke/mark-won-br012.ts",Permiso opportunities.manage,Bajo,Vertical por defecto a confirmar en el smoke,Conservar y verificar en sandbox que el servicio elegido no quede fijo
CL-001,Clientes CRUD búsqueda y filtros,IMPLEMENTADO SIN PRUEBA,"src/actions/clients.ts; listClients en src/server/clients/index.ts; app/crm/clientes","Script presente no ejecutado: scripts/smoke/domain-smoke.ts",Permisos clients.view/create/edit,Bajo,Ninguna de persistencia observada,Conservar
CL-002,Importación CSV/XLSX,PARCIAL,"importClientsCsv en src/actions/clients.ts; onImport hace file.text() en src/components/clients/clients-action-bar.tsx",No hay smoke de importación,Permiso clients.create,Medio,XLSX no se parsea; no hay preview ni mapeo ni dedupe,PR-CL-IMPORT: dry-run CSV primero; XLSX en el mismo PR solo si el parser cabe sin nueva dependencia pesada innecesaria
CL-003,Detección de duplicados y restauración,FALTA,Búsqueda de findDuplicate/mergeClient en src sin implementación de servidor,No hay prueba,Índices de email/teléfono a definir,Alto,El mismo correo puede crear otra persona,Incluir en PR-CL-IMPORT como paso previo al alta
CL-004,Unir expedientes,SOLO UI/MOCK,"Modal panel merge en src/components/clients/agency-client-detail.tsx aproximadamente líneas 995-1003: texto de no implementado",No hay prueba,Permiso clients.edit y transacción,Medio,El botón no persiste,PR-CL-MERGE después de duplicados. No presentar el modal como función lista
CL-005,Archivo de cliente,IMPLEMENTADO SIN PRUEBA,"archiveClient en src/server/clients/index.ts",Cubierto de forma indirecta por smokes de dominio no ejecutados,Permiso clients.edit,Bajo,Archivar no es borrar ni retención legal,Conservar el archivo. Documentar que no hay hard delete de persona
CL-006,Eliminación y retención de la persona,PARCIAL,"No hay deleteClient (solo archivo). Retención de docs: purgeDueDocuments solo papelera+purgeAfter (PR-SEC-RET)","EJECUTADO 2026-10-09: npm run smoke:retention-soft exit 0 (docs). deleteClient: FALTA",CRON_SECRET; documentSoftDeleteRetentionDays define purgeAfter,Medio,Falta política de borrado/retención de la persona (no del documento),P2/P3: delete/retención de Client si el negocio lo pide
SC-001,Persona con varios expedientes de servicio,IMPLEMENTADO SIN PRUEBA,"Client.serviceCases y CreditCase.serviceCaseId en prisma/schema.prisma; createServiceCase","Script presente no ejecutado: scripts/smoke/multi-service-cl003.ts; service-case-wrap.ts",Permiso cases.manage,Medio,Verticales de casa y fondeo más delgados que crédito,Conservar el wrap. No duplicar entidades lead/caso/ronda
SC-002,Asignación etapas siguiente acción y timeline,IMPLEMENTADO SIN PRUEBA,"assignClient; moveServiceCaseStage; setNextActionAt en src/server/cases/index.ts; ServiceCaseStageHistory; ActivityLog; app/crm/auditoria/page.tsx","Scripts presentes no ejecutados: sc-002-change-stage.ts; sc-003-next-action.ts; assignee.ts",Permisos cases.manage y audit.view para la pantalla de auditoría,Bajo,Nota y actividad conviven como modelos distintos a propósito,Conservar
CR-001,Reportes de crédito INITIAL UPDATE MANUAL,IMPLEMENTADO SIN PRUEBA,"enum CreditReportType; createCreditReport en src/server/credit-reports/index.ts; src/actions/credit-reports.ts","Script presente no ejecutado: scripts/smoke/credit-reports-smoke.ts",Permiso creditReports.manage,Bajo,Ninguna de modelo observada,Conservar
CR-002,Carga de PDF parser y enmascarado,IMPLEMENTADO Y PROBADO,"Upload S3; extractPdfContent (unpdf); classifyAndExtractFromPdf solo texto redactado (redactBureauText); sparse/escaneado → propuesta vacía sin OpenRouter ni bytes. Confirmación humana intacta","EJECUTADO 2026-10-09: npm run smoke:credit-pdf-pii exit 0. credit-pdf-import e2e completo: NO EJECUTADO",S3_* y OPENROUTER_API_KEY solo si hay texto embebido ≥800 chars. Sin OCR local,Medio,"PDFs escaneados requieren carga manual. Extracción con texto aún usa OpenRouter (texto redactado)",Mantener revisión humana. OCR local queda fuera de P0
AN-001,Análisis de negativos y plan de acción,IMPLEMENTADO SIN PRUEBA,"getClientNegativeAnalysis y getClientActionPlan en src/server/credit-reports/action-plan.ts; PDF app/api/clients/[clientId]/action-plan/pdf/route.ts",No hay smoke dedicado,Datos de CreditItem y snapshots,Medio,Sin prueba de regresión de las reglas,Añadir smoke con fixture sintético antes de cambiar umbrales
AN-002,Calificación reparación estructuración listos y estimado de fondeo,PARCIAL,"mapClientToFondifyStatus en src/lib/fondify/status.ts; fundingMatrix en action-plan.ts; calculadora en agency-client-detail.tsx",No hay prueba de que el bucket refleje crédito,Ninguna de buró,Alto,El bucket sigue el estado comercial del cliente no el reporte. El estimado no es una aprobación,PR-AN-QUAL: calcular con snapshots e ítems; etiquetar heurística; no usar tarifas de Fondify como default de J&H
AN-003,Score Plan simulación de utilización,PARCIAL,"Slider y useMemo en src/components/clients/agency-client-detail.tsx",No hay prueba,Solo datos ya cargados en el hub,Medio,No persiste y no debe prometer cambio de score,Dejar la simulación en cliente pero con copy de estimado. Extraer la función pura y probarla sin copiar la curva propietaria de Fondify como si fuera FICO
RD-001,Rondas ítems fechas y comparación por buró,IMPLEMENTADO SIN PRUEBA,"src/server/rounds/index.ts; DisputeItem; createComparison en src/server/comparisons/index.ts","Scripts presentes no ejecutados: disputes-comparisons-smoke.ts; letters-smoke.ts; domain-smoke.ts",Permisos rounds.manage disputes.manage comparisons.manage,Bajo,Falta method y scope como datos de primer nivel,Conservar el núcleo. PR-RD-FLAGS añade alcance y método sin reescribir rondas
RD-002,Causalidad automática de la disputa,NO APLICA,La comparación registra resultado; no se encontró un clasificador funciono/cambio_solo como el de Fondify,No aplica,No aplica,Alto si se copia el wording de Fondify,Atribuir un cambio de cuenta a la disputa sería una afirmación no demostrada,No implementar esa atribución. Mostrar antes/después y dejar la interpretación al especialista
LT-001,Cartas plantilla borrador revisión PDF y registro de envío,IMPLEMENTADO SIN PRUEBA,"createLetterDraft finalizeLetter buildLetterPdf markLetterSent en src/server/letters/index.ts; app/api/letters/[letterId]/pdf/route.ts","Script presente no ejecutado: scripts/smoke/letters-smoke.ts",Permiso letters.manage. El envío postal no está automatizado,Bajo,El registro es estado y actividad no una tabla de acuse postal,Conservar. No enviar disputas solas
QT-001,Cotizaciones catálogo totales PDF y aceptación,IMPLEMENTADO SIN PRUEBA,"src/actions/services.ts; src/server/quotes/index.ts markQuoteAccepted; app/api/quotes/[quoteId]/pdf/route.ts","Script presente no ejecutado: scripts/smoke/domain-smoke.ts",Permisos quotes.manage y catalog.manage,Bajo,Abrir el modal no debe escribir. En JH la generación es acción explícita,Conservar. No copiar el POST-al-abrir de Fondify
CT-001,Contratos plantilla versión y firma,IMPLEMENTADO SIN PRUEBA,"ContractTemplate.version; upsertTemplate createContractFromTemplate signContract en src/server/contracts/index.ts; src/actions/contracts.ts; signPortalContractAction",Ningún smoke cita contratos,FEATURE_CLIENT_PORTAL para la firma del cliente. Permisos contracts.manage y portal.manage,Medio,Firma sin prueba de evidencia IP/fecha ni de revocación,Añadir smoke sintético de plantilla versión y firma. No afirmar validez jurídica
IN-001,Formulario de iniciación,BLOQUEADO POR CONFIGURACIÓN,"FEATURE_PUBLIC_INTAKE en src/server/intake/links.ts; app/intake/[token]/page.tsx; app/api/public/intake/[token]/*","Script presente no ejecutado: scripts/smoke/intake-hardening.ts",Flag default false en .env.example. Token con expiresAt maxUses isActive,Medio,Apagado por configuración no es lo mismo que ausente,Activar solo en sandbox y correr el smoke antes de producción
PT-001,Portal del cliente,BLOQUEADO POR CONFIGURACIÓN,"FEATURE_CLIENT_PORTAL en src/server/portal/index.ts y auth.config.ts; src/actions/portal.ts; app/portal/**","No hay smoke de invitación y login de portal. fase6-testimonials.ts no sustituye ese flujo",Flag default false. Permiso portal.manage,Medio,Invite/revoke existen en código y no están probados aquí,Mismo criterio que el intake: sandbox primero
DC-001,Biblioteca documental y URLs firmadas,IMPLEMENTADO SIN PRUEBA,"requestUpload confirmUpload en src/server/documents; app/api/files/[documentId]/download/route.ts; policy en src/lib/storage/policy.ts","Scripts presentes no ejecutados: dc-005-checklist.ts; sprint6-smoke.ts",S3_*. Sin bucket el flujo no opera. UPLOAD_MAX_MB default 15. Tipos PDF JPEG PNG,Alto,La URL firmada no fija ContentLength y confirm no hace HeadObject,PR-DC-CONFIRM después de P0 de auth. No probar con documentos reales
PY-001,Pagos manuales cuotas recibos anulación,IMPLEMENTADO SIN PRUEBA,"registerPayment refundPaymentRecord voidReceipt; src/server/folios.ts; Decimal(12,2)","Scripts presentes no ejecutados: domain-smoke.ts; sprint5-smoke.ts",Permisos payments.register y receipts.void,Bajo,Concurrencia de folios no estresada,Conservar. No marcar pagado sin registro o evento verificable
PY-002,Stripe Checkout y webhook,PARCIAL,"startQuoteCheckout y handleStripeWebhook en src/server/payments/stripe.ts; app/api/webhooks/stripe/[organizationId]/route.ts","Script de helpers presente no ejecutado: scripts/smoke/au-005-stripe-smoke.ts. No hay webhook en vivo",Claves cifradas por organización. El proxy puede exigir sesión staff antes de la firma,Alto,Allowlist incompleto. Idempotencia check-then-insert. Páginas /pay exigen sesión,PR-SEC-01 primero. Idempotencia en un PR posterior. No cobrar en esta auditoría
CM-001,Correo SMTP IMAP y bandeja,BLOQUEADO POR CONFIGURACIÓN,"sendMail en src/server/mails/index.ts; IMAP y app/api/cron/mails-sync/route.ts; ajustes SMTP en organización","Script presente no ejecutado: scripts/smoke/client-emails-smoke.ts",smtp* cifrados en OrganizationSettings. CRON_SECRET para el sync,Medio,Sin credenciales de la org no hay bandeja. No hay modelo de plantillas,Configurar sandbox SMTP. Plantillas quedan en P2
CM-002,WhatsApp y notificaciones in-app,BLOQUEADO POR CONFIGURACIÓN,"Notification; CallMeBot y Whapi en src/server/notifications/*","Scripts presentes no ejecutados: client-whatsapp-smoke.ts",callmebot y whapi en ajustes de la org. Teléfono del cliente,Medio,SMS AU-003 sigue aplazado a propósito,No implementar SMS ni copiar el módulo comercial de WhatsApp de Fondify hasta que operación lo pida
CM-003,Plantillas de correo y WhatsApp,FALTA,Solo textos fijos de formato. No hay modelo Template,No hay prueba,SMTP o Whapi,Bajo,Cada envío arma el texto en código,P2. Reutilizar el envío actual; no crear otro canal
TM-001,Equipo invitaciones y roles,IMPLEMENTADO SIN PRUEBA,"enum Role; can() en src/server/auth/permissions.ts; inviteUser en src/server/users/index.ts; app/crm/usuarios/page.tsx",No hay smoke de usuarios,Permiso users.manage. La invitación no envía correo,Medio,La contraseña temporal vuelve en la respuesta. Un usuario con varias membresías toma la primera,PR-TM-INVITE: no devolver el secreto en claro al cliente de forma permanente; documentar el canal. Selector de org queda aparte si aparece un segundo tenant
TM-002,MFA TOTP,IMPLEMENTADO SIN PRUEBA,"auth.ts aplica verifyMfaLogin; src/actions/mfa.ts; UI de seguridad","Scripts presentes no ejecutados: mfa-login-enforcement.ts; sprint6-smoke.ts",otpauth. El usuario debe enrolar,Bajo,Ninguna de diseño observada,Conservar
AU-001,Automatizaciones de tareas recordatorios y digest,IMPLEMENTADO SIN PRUEBA,"onNewLead onRoundSent ensureTask reconcileWorkQueueTasks en src/server/automations/index.ts; cron reminders y digest","Script presente no ejecutado: scripts/smoke/sprint5-smoke.ts",CRON_SECRET y un scheduler externo. Si el secreto falta las rutas responden 401,Medio,Si el cron no está configurado en el hosting la cola no se reconcilia,Verificar el scheduler en 08. No añadir campañas por imitación
SEC-C1,Allowlist del proxy para webhook Stripe pay y avance,IMPLEMENTADO Y PROBADO,"isAnonymousPath en src/server/auth/public-paths.ts; auth.config.ts authorized() la consulta. Públicos: webhook Stripe /pay/success /pay/cancel /a/ más los ya existentes. /crm /api/files /api/ai/chat siguen staff","EJECUTADO 2026-10-08: npm run smoke:auth-paths exit 0; npx eslint auth.config.ts src/server/auth/public-paths.ts scripts/smoke/auth-public-paths.ts exit 0. Curl HTTP anónimo contra next: NO EJECUTADO",Firma Stripe y HMAC de avance siguen siendo la auth real del webhook y del enlace,Bajo,"Curl anónimo (400 sin firma no 307 a login) pendiente cuando haya servidor local",Opcional: verificar con curl en sandbox. Siguiente P0: PR-SEC-02 o PR-SEC-PII
SEC-H3,PII de reportes hacia el modelo de IA,IMPLEMENTADO Y PROBADO,"redactBureauText en src/server/credit-import/redact.ts; extract.ts sin pdfBytes ni type:file; prompt fuerza ssnLast4/DOB null; normalizeProposal los anula. Chat sigue con sanitize.ts","EJECUTADO 2026-10-09: npm run smoke:credit-pdf-pii exit 0",OPENROUTER_API_KEY solo en rama con texto suficiente,Bajo,Texto de buró redactado aún puede contener nombre/dirección; no se adjunta el PDF,Vigilancia: no reintroducir multimodal. Chat ya separado
SEC-M9,Chat de IA sin permiso granular,PARCIAL,"app/api/ai/chat/route.ts exige organización no una PermissionAction",No hay prueba de rol VIEWER,OPENROUTER_API_KEY,Medio,VIEWER puede invocar herramientas,Exigir un permiso explícito en un PR pequeño después de SEC-01
SEC-M1,Enlace de avance compartido,IMPLEMENTADO SIN PRUEBA,"HMAC y TTL 180 días en src/server/avance/share.ts; app/a/[token]/page.tsx",No hay prueba. Además el proxy puede exigir sesión,AUTH_SECRET,Medio,Sin revocación y TTL largo. Puede estar inaccesible por el allowlist,Abrir la ruta en PR-SEC-01. Acortar TTL y guardar id revocable en un PR posterior
SEC-M2,Confirmación de upload,IMPLEMENTADO Y PROBADO,"headObjectMeta + assertStoredObjectMatchesClaim (src/server/storage/assert-stored-upload.ts) en confirmUpload, confirmPortalUpload y submitIntake. PUT firmado sigue sin ContentLength (R2/CORS). sizeBytes del Head se persiste","EJECUTADO 2026-10-09: npm run smoke:upload-confirm exit 0",S3_* y UPLOAD_MAX_MB,Bajo,ContentType omitido por el store se tolera si el tamaño cuadra,Ninguna urgente; no firmar ContentLength en el PUT
SEC-M4,Idempotencia del webhook Stripe,PARCIAL,"handleStripeWebhook comprueba sesión y luego inserta. stripeCheckoutSessionId es unique en schema",No ejecutado,Webhook secret por org,Medio,Dos entregas concurrentes pueden responder 500 en lugar de duplicado ok,Capturar violación unique y responder handled
SEC-M5,Retención máxima de documentos,IMPLEMENTADO Y PROBADO,"purgeDueDocuments solo soft-deleted con purgeAfter vencido (src/server/retention/index.ts). documentMaxRetentionDays ya no dispara hard-delete de vivos; hint UI actualizado","EJECUTADO 2026-10-09: npm run smoke:retention-soft exit 0 (vivo 400d sobrevive; papelera se purga; idempotente)",CRON_SECRET; documentSoftDeleteRetentionDays,Bajo,Campo documentMaxRetentionDays queda informativo en settings,Ninguna urgente; no reintroducir maxDue
SEC-M7,Membresía múltiple toma la primera fila,PARCIAL,"src/server/auth/session.ts take 1",No hay prueba multi-org,Modelo OrganizationMember ya existe,Medio,Un usuario en dos orgs entra a la primera,No construir selector hasta que exista un segundo tenant real. Dejarlo anotado
SEC-M8,Login de portal por email global,PARCIAL,"src/server/portal/index.ts busca por email entre organizaciones",No ejecutado,FEATURE_CLIENT_PORTAL,Medio,Choque de email entre orgs,Aceptable con una sola org. Endurecer si hay más de una
SEC-M10,Rate limit en APIs públicas,PARCIAL,"intake/** y POST /api/public/contact (IP 20/h + email 10/h) usan assertRateLimit. Login y /api/ai/chat siguen sin límite","EJECUTADO vía smoke:contact-public (intento 21). Login/AI: sin prueba nueva",MySQL RateLimitBucket,Medio,Login y AI sin límite,P2: rate limit de login. AI en PR-AI-PERM o corte aparte
AI-001,Chat y sanitización del asistente,IMPLEMENTADO SIN PRUEBA,"app/api/ai/chat/route.ts; src/lib/ai/sanitize.ts; src/lib/ai/openrouter.ts","Script presente no ejecutado: scripts/smoke/ai-sanitize.ts no requiere DB",OPENROUTER_API_KEY,Medio,La sanitización del chat no aplica al PDF,Conservar el chat. No ampliar herramientas hasta cerrar SEC-H3 y SEC-M9
NAV-001,Casos en la navegación,PARCIAL,"Rutas app/crm/casos/** existen. La barra principal de escritorio no lista Casos; el hub de avance vive en la ficha",No ejecutado,Ninguna,Bajo,README y nav de escritorio no cuentan la misma historia,Ajustar el README al nav real. No añadir una sección vacía
LEG-001,Páginas legales públicas,IMPLEMENTADO SIN PRUEBA,"app/(marketing)/privacy terms cancellation refunds disclosures sms-terms. Allowlist en auth.config.ts",No hay prueba HTTP,Ninguna,Bajo,Contenido legal no auditado por un abogado,Conservar las rutas. No afirmar cumplimiento GLBA/CROA
CI-001,Integración continua,FALTA,No existe .github/workflows ni script typecheck,No hay corrida de CI en el repo,Ninguna,Medio,Regresiones solo se ven en local,P3: workflow que corra lint y smokes sin DB. No bloquear P0
AFF-001,Afiliados comisiones y producto consumidor Fondify,NO APLICA,No hay módulo de afiliados ni dashboard de consumidor. AU-007 está aplazado en docs/PENDING_IMPLEMENTATION.md,No aplica,No aplica,Bajo si se construye por imitación,No es la operación de J&H,No implementar
BUREAU-001,Monitores externos de buró,NO APLICA,AU-006 aplazado. No hay cliente IDIQ ni refresh automático,No aplica,Proveedor de pago y compliance no contratados,Alto si se integra sin base legal,No hay integración,Seguir con carga manual y PDF revisado por una persona
